우편번호: 614-800, 구 이름: 부산진구
우편번호: 614-805, 구 이름: 부산진구
우편번호: 614-011, 구 이름: 부산진구
우편번호: 614-795, 구 이름: 부산진구
우편번호: 614-764, 구 이름: 부산진구
우편번호: 614-801, 구 이름: 부산진구
우편번호: 614-802, 구 이름: 부산진구
우편번호: 614-806, 구 이름: 부산진구
우편번호: 614-802, 구 이름: 부산진구
우편번호: 614-806, 구 이름: 부산진구
우편번호: 614-802, 구 이름: 부산진구
우편번호: 614-801, 구 이름: 부산진구
우편번호: 614-808, 구 이름: 부산진구
우편번호: 614-806, 구 이름: 부산진구
우편번호: 614-012, 구 이름: 부산진구
우편번호: 614-714, 구 이름: 부산진구
우편번호: 614-013, 구 이름: 부산진구
우편번호: 614-875, 구 이름: 부산진구
우편번호: 614-803, 구 이름: 부산진구
우편번호: 614-804, 구 이름: 부산진구
우편번호: 614-803, 구 이름: 부산진구
우편번호: 614-804, 구 이름: 부산진구
우편번호: 614-803, 구 이름: 부산진구
우편번호: 614-803, 구 이름: 부산진구
우편번호: 614-807, 구 이름: 부산진구
우편번호: 614-803, 구 이름: 부산진구
우편번호: 614-013, 구 이름: 부산진구
우편번호: 614-010, 구 이름: 부산진구
우편번호: 614-712, 구 이름: 부산진구
우편번호: 614-893, 구 이름: 부산진구
우편번호: 614-813, 구 이름: 부산진구
우편번호: 614-813, 구 이름: 부산진구
우편번호: 614-814, 구 이름: 부산진구
우편번호: 614-814, 구 이름: 부산진구
우편번호: 614-814, 구 이름: 부산진구
우편번호: 614-814, 구 이름: 부산진구
우편번호: 614-814, 구 이름: 부산진구
우편번호: 614-814, 구 이름: 부산진구
우편번호: 614-813, 구 이름: 부산진구
우편번호: 614-111, 구 이름: 부산진구
우편번호: 614-735, 구 이름: 부산진구
우편번호: 614-750, 구 이름: 부산진구
우편번호: 614-774, 구 이름: 부산진구
우편번호: 614-735, 구 이름: 부산진구
우편번호: 614-771, 구 이름: 부산진구
우편번호: 614-812, 구 이름: 부산진구
우편번호: 614-812, 구 이름: 부산진구
우편번호: 614-815, 구 이름: 부산진구
우편번호: 614-815, 구 이름: 부산진구
우편번호: 614-815, 구 이름: 부산진구
우편번호: 614-812, 구 이름: 부산진구
우편번호: 614-812, 구 이름: 부산진구
우편번호: 614-112, 구 이름: 부산진구
우편번호: 614-777, 구 이름: 부산진구
우편번호: 614-775, 구 이름: 부산진구
우편번호: 614-751, 구 이름: 부산진구
우편번호: 614-751, 구 이름: 부산진구
우편번호: 614-770, 구 이름: 부산진구
우편번호: 614-755, 구 이름: 부산진구
우편번호: 614-755, 구 이름: 부산진구
우편번호: 614-809, 구 이름: 부산진구
우편번호: 614-810, 구 이름: 부산진구
우편번호: 614-811, 구 이름: 부산진구
우편번호: 614-810, 구 이름: 부산진구
우편번호: 614-811, 구 이름: 부산진구
우편번호: 614-810, 구 이름: 부산진구
우편번호: 614-811, 구 이름: 부산진구
우편번호: 614-113, 구 이름: 부산진구
우편번호: 614-110, 구 이름: 부산진구
우편번호: 614-817, 구 이름: 부산진구
우편번호: 614-817, 구 이름: 부산진구
우편번호: 614-817, 구 이름: 부산진구
우편번호: 614-817, 구 이름: 부산진구
우편번호: 614-817, 구 이름: 부산진구
우편번호: 614-817, 구 이름: 부산진구
우편번호: 614-817, 구 이름: 부산진구
우편번호: 614-817, 구 이름: 부산진구
우편번호: 614-817, 구 이름: 부산진구
우편번호: 614-817, 구 이름: 부산진구
우편번호: 614-817, 구 이름: 부산진구
우편번호: 614-101, 구 이름: 부산진구
우편번호: 614-752, 구 이름: 부산진구
우편번호: 614-759, 구 이름: 부산진구
우편번호: 614-816, 구 이름: 부산진구
우편번호: 614-816, 구 이름: 부산진구
우편번호: 614-816, 구 이름: 부산진구
우편번호: 614-883, 구 이름: 부산진구
우편번호: 614-102, 구 이름: 부산진구
우편번호: 614-778, 구 이름: 부산진구
우편번호: 614-779, 구 이름: 부산진구
우편번호: 614-757, 구 이름: 부산진구
우편번호: 614-796, 구 이름: 부산진구
우편번호: 614-758, 구 이름: 부산진구
우편번호: 614-756, 구 이름: 부산진구
우편번호: 614-820, 구 이름: 부산진구
우편번호: 614-819, 구 이름: 부산진구
우편번호: 614-822, 구 이름: 부산진구
우편번호: 614-820, 구 이름: 부산진구
우편번호: 614-822, 구 이름: 부산진구
우편번호: 614-820, 구 이름: 부산진구
우편번호: 614-822, 구 이름: 부산진구
우편번호: 614-822, 구 이름: 부산진구
우편번호: 614-822, 구 이름: 부산진구
우편번호: 614-822, 구 이름: 부산진구
우편번호: 614-822, 구 이름: 부산진구
우편번호: 614-103, 구 이름: 부산진구
우편번호: 614-766, 구 이름: 부산진구
우편번호: 614-887, 구 이름: 부산진구
우편번호: 614-766, 구 이름: 부산진구
우편번호: 614-878, 구 이름: 부산진구
우편번호: 614-878, 구 이름: 부산진구
우편번호: 614-878, 구 이름: 부산진구
우편번호: 614-878, 구 이름: 부산진구
우편번호: 614-878, 구 이름: 부산진구
우편번호: 614-878, 구 이름: 부산진구
우편번호: 614-878, 구 이름: 부산진구
우편번호: 614-878, 구 이름: 부산진구
우편번호: 614-878, 구 이름: 부산진구
우편번호: 614-879, 구 이름: 부산진구
우편번호: 614-821, 구 이름: 부산진구
우편번호: 614-823, 구 이름: 부산진구
우편번호: 614-821, 구 이름: 부산진구
우편번호: 614-823, 구 이름: 부산진구
우편번호: 614-823, 구 이름: 부산진구
우편번호: 614-823, 구 이름: 부산진구
우편번호: 614-823, 구 이름: 부산진구
우편번호: 614-104, 구 이름: 부산진구
우편번호: 614-100, 구 이름: 부산진구
우편번호: 614-824, 구 이름: 부산진구
우편번호: 614-825, 구 이름: 부산진구
우편번호: 614-824, 구 이름: 부산진구
우편번호: 614-825, 구 이름: 부산진구
우편번호: 614-060, 구 이름: 부산진구
우편번호: 614-720, 구 이름: 부산진구
우편번호: 614-725, 구 이름: 부산진구
우편번호: 614-713, 구 이름: 부산진구
우편번호: 614-722, 구 이름: 부산진구
우편번호: 614-721, 구 이름: 부산진구
우편번호: 614-718, 구 이름: 부산진구
우편번호: 614-719, 구 이름: 부산진구
우편번호: 614-717, 구 이름: 부산진구
우편번호: 614-724, 구 이름: 부산진구
우편번호: 614-716, 구 이름: 부산진구
우편번호: 614-723, 구 이름: 부산진구
우편번호: 614-711, 구 이름: 부산진구
우편번호: 614-826, 구 이름: 부산진구
우편번호: 614-827, 구 이름: 부산진구
우편번호: 614-828, 구 이름: 부산진구
우편번호: 614-829, 구 이름: 부산진구
우편번호: 614-826, 구 이름: 부산진구
우편번호: 614-021, 구 이름: 부산진구
우편번호: 614-760, 구 이름: 부산진구
우편번호: 614-765, 구 이름: 부산진구
우편번호: 614-830, 구 이름: 부산진구
우편번호: 614-833, 구 이름: 부산진구
우편번호: 614-834, 구 이름: 부산진구
우편번호: 614-830, 구 이름: 부산진구
우편번호: 614-022, 구 이름: 부산진구
우편번호: 614-769, 구 이름: 부산진구
우편번호: 614-831, 구 이름: 부산진구
우편번호: 614-832, 구 이름: 부산진구
우편번호: 614-831, 구 이름: 부산진구
우편번호: 614-024, 구 이름: 부산진구
우편번호: 614-020, 구 이름: 부산진구
우편번호: 614-726, 구 이름: 부산진구
우편번호: 614-749, 구 이름: 부산진구
우편번호: 614-701, 구 이름: 부산진구
우편번호: 614-897, 구 이름: 부산진구
우편번호: 614-890, 구 이름: 부산진구
우편번호: 614-892, 구 이름: 부산진구
우편번호: 614-792, 구 이름: 부산진구
우편번호: 614-798, 구 이름: 부산진구
우편번호: 614-835, 구 이름: 부산진구
우편번호: 614-836, 구 이름: 부산진구
우편번호: 614-836, 구 이름: 부산진구
우편번호: 614-836, 구 이름: 부산진구
우편번호: 614-837, 구 이름: 부산진구
우편번호: 614-838, 구 이름: 부산진구
우편번호: 614-835, 구 이름: 부산진구
우편번호: 614-836, 구 이름: 부산진구
우편번호: 614-091, 구 이름: 부산진구
우편번호: 614-794, 구 이름: 부산진구
우편번호: 614-753, 구 이름: 부산진구
우편번호: 614-794, 구 이름: 부산진구
우편번호: 614-761, 구 이름: 부산진구
우편번호: 614-839, 구 이름: 부산진구
우편번호: 614-840, 구 이름: 부산진구
우편번호: 614-839, 구 이름: 부산진구
우편번호: 614-840, 구 이름: 부산진구
우편번호: 614-841, 구 이름: 부산진구
우편번호: 614-839, 구 이름: 부산진구
우편번호: 614-841, 구 이름: 부산진구
우편번호: 614-093, 구 이름: 부산진구
우편번호: 614-090, 구 이름: 부산진구
우편번호: 614-708, 구 이름: 부산진구
우편번호: 614-704, 구 이름: 부산진구
우편번호: 614-781, 구 이름: 부산진구
우편번호: 614-728, 구 이름: 부산진구
우편번호: 614-709, 구 이름: 부산진구
우편번호: 614-729, 구 이름: 부산진구
우편번호: 614-702, 구 이름: 부산진구
우편번호: 614-782, 구 이름: 부산진구
우편번호: 614-783, 구 이름: 부산진구
우편번호: 614-780, 구 이름: 부산진구
우편번호: 614-731, 구 이름: 부산진구
우편번호: 614-842, 구 이름: 부산진구
우편번호: 614-843, 구 이름: 부산진구
우편번호: 614-844, 구 이름: 부산진구
우편번호: 614-844, 구 이름: 부산진구
우편번호: 614-843, 구 이름: 부산진구
우편번호: 614-844, 구 이름: 부산진구
우편번호: 614-842, 구 이름: 부산진구
우편번호: 614-849, 구 이름: 부산진구
우편번호: 614-849, 구 이름: 부산진구
우편번호: 614-848, 구 이름: 부산진구
우편번호: 614-031, 구 이름: 부산진구
우편번호: 614-767, 구 이름: 부산진구
우편번호: 614-785, 구 이름: 부산진구
우편번호: 614-730, 구 이름: 부산진구
우편번호: 614-727, 구 이름: 부산진구
우편번호: 614-732, 구 이름: 부산진구
우편번호: 614-784, 구 이름: 부산진구
우편번호: 614-707, 구 이름: 부산진구
우편번호: 614-894, 구 이름: 부산진구
우편번호: 614-736, 구 이름: 부산진구
우편번호: 614-776, 구 이름: 부산진구
우편번호: 614-737, 구 이름: 부산진구
우편번호: 614-738, 구 이름: 부산진구
우편번호: 614-733, 구 이름: 부산진구
우편번호: 614-845, 구 이름: 부산진구
우편번호: 614-846, 구 이름: 부산진구
우편번호: 614-847, 구 이름: 부산진구
우편번호: 614-881, 구 이름: 부산진구
우편번호: 614-876, 구 이름: 부산진구
우편번호: 614-847, 구 이름: 부산진구
우편번호: 614-847, 구 이름: 부산진구
우편번호: 614-847, 구 이름: 부산진구
우편번호: 614-850, 구 이름: 부산진구
우편번호: 614-846, 구 이름: 부산진구
우편번호: 614-881, 구 이름: 부산진구
우편번호: 614-032, 구 이름: 부산진구
우편번호: 614-786, 구 이름: 부산진구
우편번호: 614-030, 구 이름: 부산진구
우편번호: 614-768, 구 이름: 부산진구
우편번호: 614-799, 구 이름: 부산진구
우편번호: 614-715, 구 이름: 부산진구
우편번호: 614-703, 구 이름: 부산진구
우편번호: 614-734, 구 이름: 부산진구
우편번호: 614-754, 구 이름: 부산진구
우편번호: 614-791, 구 이름: 부산진구
우편번호: 614-853, 구 이름: 부산진구
우편번호: 614-853, 구 이름: 부산진구
우편번호: 614-856, 구 이름: 부산진구
우편번호: 614-853, 구 이름: 부산진구
우편번호: 614-853, 구 이름: 부산진구
우편번호: 614-857, 구 이름: 부산진구
우편번호: 614-858, 구 이름: 부산진구
우편번호: 614-856, 구 이름: 부산진구
우편번호: 614-853, 구 이름: 부산진구
우편번호: 614-856, 구 이름: 부산진구
우편번호: 614-051, 구 이름: 부산진구
우편번호: 614-710, 구 이름: 부산진구
우편번호: 614-851, 구 이름: 부산진구
우편번호: 614-852, 구 이름: 부산진구
우편번호: 614-852, 구 이름: 부산진구
우편번호: 614-851, 구 이름: 부산진구
우편번호: 614-854, 구 이름: 부산진구
우편번호: 614-855, 구 이름: 부산진구
우편번호: 614-852, 구 이름: 부산진구
우편번호: 614-882, 구 이름: 부산진구
우편번호: 614-852, 구 이름: 부산진구
우편번호: 614-851, 구 이름: 부산진구
우편번호: 614-052, 구 이름: 부산진구
우편번호: 614-050, 구 이름: 부산진구
우편번호: 614-789, 구 이름: 부산진구
우편번호: 614-818, 구 이름: 부산진구
우편번호: 614-891, 구 이름: 부산진구
우편번호: 614-790, 구 이름: 부산진구
우편번호: 614-787, 구 이름: 부산진구
우편번호: 614-788, 구 이름: 부산진구
우편번호: 614-859, 구 이름: 부산진구
우편번호: 614-860, 구 이름: 부산진구
우편번호: 614-861, 구 이름: 부산진구
우편번호: 614-859, 구 이름: 부산진구
우편번호: 614-860, 구 이름: 부산진구
우편번호: 614-859, 구 이름: 부산진구
우편번호: 614-860, 구 이름: 부산진구
우편번호: 614-070, 구 이름: 부산진구
우편번호: 614-739, 구 이름: 부산진구
우편번호: 614-772, 구 이름: 부산진구
우편번호: 614-740, 구 이름: 부산진구
우편번호: 614-745, 구 이름: 부산진구
우편번호: 614-747, 구 이름: 부산진구
우편번호: 614-746, 구 이름: 부산진구
우편번호: 614-866, 구 이름: 부산진구
우편번호: 614-866, 구 이름: 부산진구
우편번호: 614-867, 구 이름: 부산진구
우편번호: 614-867, 구 이름: 부산진구
우편번호: 614-869, 구 이름: 부산진구
우편번호: 614-866, 구 이름: 부산진구
우편번호: 614-869, 구 이름: 부산진구
우편번호: 614-869, 구 이름: 부산진구
우편번호: 614-867, 구 이름: 부산진구
우편번호: 614-866, 구 이름: 부산진구
우편번호: 614-869, 구 이름: 부산진구
우편번호: 614-867, 구 이름: 부산진구
우편번호: 614-869, 구 이름: 부산진구
우편번호: 614-041, 구 이름: 부산진구
우편번호: 614-706, 구 이름: 부산진구
우편번호: 614-793, 구 이름: 부산진구
우편번호: 614-763, 구 이름: 부산진구
우편번호: 614-742, 구 이름: 부산진구
우편번호: 614-743, 구 이름: 부산진구
우편번호: 614-884, 구 이름: 부산진구
우편번호: 614-748, 구 이름: 부산진구
우편번호: 614-741, 구 이름: 부산진구
우편번호: 614-744, 구 이름: 부산진구
우편번호: 614-862, 구 이름: 부산진구
우편번호: 614-864, 구 이름: 부산진구
우편번호: 614-862, 구 이름: 부산진구
우편번호: 614-865, 구 이름: 부산진구
우편번호: 614-865, 구 이름: 부산진구
우편번호: 614-864, 구 이름: 부산진구
우편번호: 614-870, 구 이름: 부산진구
우편번호: 614-865, 구 이름: 부산진구
우편번호: 614-870, 구 이름: 부산진구
우편번호: 614-042, 구 이름: 부산진구
우편번호: 614-773, 구 이름: 부산진구
우편번호: 614-863, 구 이름: 부산진구
우편번호: 614-868, 구 이름: 부산진구
우편번호: 614-863, 구 이름: 부산진구
우편번호: 614-863, 구 이름: 부산진구
우편번호: 614-863, 구 이름: 부산진구
우편번호: 614-868, 구 이름: 부산진구
우편번호: 614-863, 구 이름: 부산진구
우편번호: 614-043, 구 이름: 부산진구
우편번호: 614-040, 구 이름: 부산진구
우편번호: 614-705, 구 이름: 부산진구
우편번호: 614-762, 구 이름: 부산진구
우편번호: 614-871, 구 이름: 부산진구
우편번호: 614-872, 구 이름: 부산진구
우편번호: 614-873, 구 이름: 부산진구
우편번호: 614-871, 구 이름: 부산진구
우편번호: 614-872, 구 이름: 부산진구
우편번호: 614-873, 구 이름: 부산진구
우편번호: 614-874, 구 이름: 부산진구
우편번호: 614-872, 구 이름: 부산진구
우편번호: 614-874, 구 이름: 부산진구
우편번호: 614-874, 구 이름: 부산진구
우편번호: 614-873, 구 이름: 부산진구
우편번호: 614-080, 구 이름: 부산진구
우편번호: 614-600, 구 이름: 부산진구
